名称	年	月	日
元日	2016	1	1
成人の日	2016	1	11
建国記念の日	2016	2	11
春分の日	2016	3	20
昭和の日	2016	4	29
憲法記念日	2016	5	3
みどりの日	2016	5	4
こどもの日	2016	5	5
海の日	2016	7	18
山の日	2016	8	11
敬老の日	2016	9	19
秋分の日	2016	9	22
体育の日	2016	10	10
文化の日	2016	11	3
勤労感謝の日	2016	11	23
天皇誕生日	2016	12	23
元日	2017	1	1
成人の日	2017	1	9
建国記念の日	2017	2	11
春分の日	2017	3	20
昭和の日	2017	4	29
憲法記念日	2017	5	3
みどりの日	2017	5	4
こどもの日	2017	5	5
海の日	2017	7	17
山の日	2017	8	11
敬老の日	2017	9	18
秋分の日	2017	9	23
体育の日	2017	10	9
文化の日	2017	11	3
勤労感謝の日	2017	11	23
天皇誕生日	2017	12	23
元日	2018	1	1
成人の日	2018	1	8
建国記念の日	2018	2	11
春分の日	2018	3	21
昭和の日	2018	4	29
憲法記念日	2018	5	3
みどりの日	2018	5	4
こどもの日	2018	5	5
海の日	2018	7	16
山の日	2018	8	11
敬老の日	2018	9	17
秋分の日	2018	9	23
体育の日	2018	10	8
文化の日	2018	11	3
勤労感謝の日	2018	11	23
天皇誕生日	2018	12	23
